{
  "train_losses": [
    1.0782085806131363,
    1.4597349762916565,
    0.8129550367593765,
    0.7682989984750748,
    1.1300352215766907,
    1.2245453745126724,
    1.0648337453603745,
    1.2677584737539291,
    0.8696036487817764,
    1.0766526460647583,
    0.9001305252313614,
    0.8598032891750336,
    1.1277535408735275,
    0.7804022580385208,
    0.9782159626483917,
    0.7012101411819458,
    1.3151981830596924,
    1.0749606937170029,
    1.120974913239479,
    0.9334109425544739,
    0.8072922378778458,
    0.932609960436821,
    0.8670381158590317,
    1.04283107817173,
    1.1083035469055176,
    1.2434306293725967,
    0.8554223626852036,
    0.9350727200508118,
    1.1894902288913727,
    0.9495811015367508,
    0.9482939094305038,
    0.9856775104999542,
    1.1386576890945435,
    1.1489642560482025,
    1.043623074889183,
    0.9274946451187134,
    1.0862256288528442,
    1.0531518161296844,
    0.9217649847269058,
    1.3585186004638672,
    1.1254593878984451,
    0.869935929775238,
    0.9911593496799469,
    0.8850125819444656,
    0.8750756531953812,
    1.4019668996334076,
    1.1511866748332977,
    0.9130001664161682,
    1.1782214790582657,
    0.8878362774848938,
    0.9226702898740768,
    0.9353742599487305,
    1.1241737455129623,
    0.79923015832901,
    0.8842403292655945,
    1.035982757806778,
    0.7231463268399239,
    1.2322192341089249,
    1.2124801278114319,
    1.189785659313202,
    1.1083623468875885,
    1.0894112884998322,
    1.186225563287735,
    0.8356941044330597,
    1.0857167392969131,
    1.0513960421085358,
    1.1247820258140564,
    0.7875614538788795,
    0.9725191295146942,
    0.9009559750556946,
    0.9714182317256927,
    0.7853140085935593,
    0.9256545603275299,
    0.993044525384903,
    1.2771217823028564,
    1.1455851942300797,
    0.9280876964330673,
    0.8218028992414474,
    1.048635572195053,
    0.8501585870981216,
    0.8123506605625153,
    0.8765623271465302,
    1.1250519156455994,
    0.949188232421875,
    1.0447421222925186,
    0.9678337872028351,
    1.1453345715999603,
    0.9065659195184708,
    1.003196656703949,
    0.9176935851573944,
    0.719659835100174,
    1.0407578498125076,
    0.9336942136287689,
    1.1035443842411041,
    1.193449079990387,
    1.362805888056755,
    1.116553157567978,
    0.997014969587326,
    1.054922878742218,
    0.8682275861501694
  ],
  "val_losses": [
    1.0054515600204468,
    0.7052474021911621,
    0.858640193939209,
    0.6161682605743408,
    0.853428840637207,
    1.3717349767684937,
    0.7935981750488281,
    0.6375648975372314,
    0.5810880661010742,
    1.1932246685028076,
    0.783409595489502,
    1.0419042110443115,
    1.3689591884613037,
    1.1861133575439453,
    1.2098215818405151,
    0.6489961743354797,
    1.2741889953613281,
    1.1272199153900146,
    1.077588677406311,
    0.9030213356018066,
    0.88702392578125,
    1.2474040985107422,
    0.9802948236465454,
    0.7442297339439392,
    0.534438967704773,
    0.9198774099349976,
    1.1058437824249268,
    0.9026587009429932,
    0.8773685693740845,
    0.5775316953659058,
    0.7350448966026306,
    0.7516639232635498,
    0.7614569067955017,
    1.1384986639022827,
    1.0926122665405273,
    0.9874362349510193,
    1.267969012260437,
    0.7267765998840332,
    1.190516710281372,
    0.8352155685424805,
    1.1690090894699097,
    1.1907423734664917,
    0.8844712972640991,
    1.109745740890503,
    0.6963047981262207,
    1.2164738178253174,
    1.1639041900634766,
    0.5412580966949463,
    0.8893527984619141,
    1.3245015144348145,
    0.638524055480957,
    1.3767335414886475,
    0.8788163065910339,
    1.2144256830215454,
    1.0582163333892822,
    1.0725617408752441,
    1.2626047134399414,
    0.6756377220153809,
    0.8448561429977417,
    1.2367336750030518,
    0.900985598564148,
    1.0453596115112305,
    1.2931110858917236,
    0.4218127429485321,
    0.9951958656311035,
    1.1191763877868652,
    0.9552695155143738,
    1.4221248626708984,
    1.2446324825286865,
    0.764849841594696,
    0.7417322993278503,
    1.0363824367523193,
    0.9133104681968689,
    0.8669065237045288,
    1.0409072637557983,
    1.171756625175476,
    1.3904073238372803,
    1.4644664525985718,
    0.5663641691207886,
    0.6009660959243774,
    1.1516865491867065,
    1.4089305400848389,
    0.7963321208953857,
    0.9127814173698425,
    0.9006285071372986,
    1.5889123678207397,
    0.35212695598602295,
    1.0697152614593506,
    0.986046552658081,
    0.789383590221405,
    1.1174602508544922,
    0.8568689823150635,
    0.8959188461303711,
    1.5876281261444092,
    0.5444055795669556,
    1.9068467617034912,
    1.3093528747558594,
    0.9664058685302734,
    1.6591413021087646,
    1.2285096645355225
  ],
  "correlations": [
    -0.15017073093607172,
    0.16725264988887856,
    -0.10354402294933228,
    -0.0402778826731102,
    0.02474232185102294,
    -0.13991301547288934,
    -0.09277500045924815,
    -0.03226666767573613,
    -0.1008105748854964,
    0.13692868666572133,
    0.05801740111750293,
    0.02630226337576673,
    0.5144052917550561,
    0.06782710881653754,
    -0.1327771452760981,
    -0.11442784198306516,
    -0.03218370908724455,
    -0.5205805749432856,
    -0.08905731238889776,
    -0.014013143823264818,
    0.163006189663943,
    -0.15873279287240227,
    -0.12513774271850486,
    0.22709440405050646,
    0.20634878690397318,
    -0.501876856228216,
    0.17985581657643213,
    -0.11832215832293114,
    0.2570020617815511,
    0.32764915846280257,
    0.12499887489722784,
    -0.14301027683586817,
    -0.14457819106133707,
    -0.3470135568567798,
    0.21916815889489333,
    0.0902522436694007,
    0.1572837198821479,
    0.25915893223218794,
    -0.3875027554225334,
    -0.18978857998648047,
    0.14699721211157318,
    0.3138463875513553,
    0.523419024850018,
    -0.21417710027212414,
    -0.10090658305926678,
    -0.1474608237445977,
    0.24557898038915454,
    -0.011037606101348962,
    -0.021872796090191493,
    -0.060136648384973596,
    0.24387625396505586,
    0.0423344570836415,
    -0.2616216959794515,
    0.0035055946452121436,
    -0.16552121308388787,
    0.25540463070953223,
    -0.1699322723745541,
    0.23455069603588594,
    0.2606560424649233,
    0.026379059132674475,
    0.4494165957727499,
    0.25177212245342667,
    -0.18995554331058787,
    0.11307525094801443,
    -0.13179218691113337,
    -0.06745009630047279,
    -0.11696666451342047,
    -0.464850791248442,
    -0.018553566721605415,
    0.2422878685105434,
    0.22803641213812179,
    0.018286771462572793,
    -0.1466434080275892,
    -0.001535036222813353,
    -0.035386107381651176,
    0.06665679699506456,
    0.2646497107211273,
    -0.1881146925232023,
    0.028968673109076536,
    -0.14106675839904234,
    0.12350083452319437,
    0.01707243943238651,
    0.29049978092583123,
    0.23086473522458426,
    0.11311034026176571,
    0.33545144625526163,
    0.24401930127782437,
    -0.497885926534874,
    0.07987474935956845,
    -0.17457364251300084,
    -0.20384382477685772,
    0.024658426243656058,
    -0.3500462658864075,
    0.29531241327671737,
    0.2852346231238722,
    0.32130149600981117,
    -0.20935998082086774,
    -0.4271482426474942,
    0.07286247714360813,
    0.21283694466771802
  ],
  "final_train_loss": 0.8682275861501694,
  "final_val_loss": 1.2285096645355225,
  "final_correlation": 0.21283694466771802,
  "best_correlation": 0.523419024850018,
  "total_time": 210.93768692016602,
  "num_epochs": 100
}