{
  "train_losses": [
    3.5778738781809807,
    2.111308230087161,
    1.1348052509129047,
    0.8441016334109008,
    0.6665007323026657,
    0.7298189818393439,
    0.6722584767267108,
    0.5847985297441483,
    0.5413476647809148,
    0.5111008831299841,
    0.6006291825324297,
    0.6181001039221883,
    0.4714518589898944,
    0.7882555541582406,
    0.7338183601386845,
    0.4911860916763544,
    0.5124814244918525,
    0.41667829966172576,
    0.6031554038636386,
    0.531780396355316,
    0.5720900166779757,
    0.4528317207004875,
    0.4210054245777428,
    0.6416857461445034,
    0.48033882305026054,
    0.5424606585875154,
    0.5122853629291058,
    0.3641091180033982,
    0.5212126080878079,
    0.6198088219389319,
    0.406855215318501,
    0.5102918683551252,
    0.42339346813969314,
    0.5348896724171937,
    0.39333062851801515,
    0.37482099421322346,
    0.4510234536137432,
    0.6046320222085342,
    0.49347311817109585,
    0.518021501135081,
    0.4776774528436363,
    0.4980878559872508,
    0.48814260272774845,
    0.5557104172185063,
    0.4787390008568764,
    0.4530145530588925,
    0.42895630095154047,
    0.3965078126639128,
    0.4035235298797488,
    0.4328153431415558
  ],
  "val_losses": [
    2.3334261536598206,
    0.8946673989295959,
    0.24239886701107025,
    0.18694963734596967,
    0.1897950865328312,
    0.195891060680151,
    0.19238981362432242,
    0.19696292858570813,
    0.18531266562640666,
    0.21981083303689958,
    0.20895986817777157,
    0.2033025100827217,
    0.19910075142979622,
    0.19878010749816893,
    0.18738170992583036,
    0.19487561509013177,
    0.1905952960252762,
    0.19433519169688224,
    0.21165611371397972,
    0.19536624364554883,
    0.18932826835662125,
    0.20127065051347018,
    0.1911391980946064,
    0.18123379927128552,
    0.18991276752203703,
    0.19288668408989906,
    0.19159255772829056,
    0.18759282790124415,
    0.18524702228605747,
    0.19734509028494357,
    0.19766160547733308,
    0.20098226107656955,
    0.2007946040481329,
    0.18617395660839975,
    0.18498511593788863,
    0.18714510365389286,
    0.19449291164055466,
    0.18528849110007287,
    0.18358506402000785,
    0.19200191386044024,
    0.20571624785661696,
    0.18962140511721373,
    0.1856652492657304,
    0.18220207281410694,
    0.1964570085518062,
    0.1857749491930008,
    0.18273380575701595,
    0.2430426836013794,
    0.18175425184890628,
    0.18440194688737394
  ],
  "total_time": 145.45585823059082,
  "final_train_loss": 0.4328153431415558,
  "final_val_loss": 0.18440194688737394
}