{
  "train_losses": [
    0.8607947379350662,
    0.9891404360532761,
    0.8568900525569916,
    1.2056915163993835,
    1.1001105159521103,
    0.9566417187452316,
    1.0598510056734085,
    0.8256737142801285,
    0.86942358314991,
    1.0603983253240585,
    0.9295862168073654,
    0.9775026142597198,
    0.9578956812620163,
    0.8387898504734039,
    0.7929278984665871,
    0.9803067743778229,
    1.2808374464511871,
    0.8189125508069992,
    0.9876256138086319,
    0.9257759004831314,
    0.7986522763967514,
    0.9713478088378906,
    0.9081719368696213,
    1.0488934516906738,
    0.8808010816574097,
    1.2206380069255829,
    0.8049789220094681,
    0.8288191854953766,
    1.12484610080719,
    1.11236210167408,
    1.1154760718345642,
    1.1368968933820724,
    0.8900980353355408,
    1.14858016371727,
    1.242592066526413,
    0.898373618721962,
    1.194775015115738,
    1.0427022725343704,
    0.9842490255832672,
    1.1840347349643707,
    0.8049457669258118,
    1.0288250148296356,
    1.06486114859581,
    1.26072159409523,
    1.1162070333957672,
    0.70366470515728,
    0.9906851053237915,
    0.9046515226364136,
    1.108703225851059,
    1.1436602175235748,
    0.7656148076057434,
    0.8638851642608643,
    0.9873127788305283,
    0.9692755192518234,
    1.0046760439872742,
    1.0650861263275146,
    0.9853922724723816,
    0.8687183707952499,
    0.9891226589679718,
    1.0147713124752045,
    0.7068742215633392,
    0.8993317186832428,
    1.2744879722595215,
    0.9837416559457779,
    0.8547986745834351,
    1.0158890783786774,
    1.118795558810234,
    0.9912032932043076,
    0.9062605947256088,
    0.9116083681583405,
    0.9473424553871155,
    1.269033819437027,
    0.7324366867542267,
    1.0675246715545654,
    1.054043859243393,
    0.9309185445308685,
    1.000662475824356,
    0.9441695660352707,
    1.2286505103111267,
    0.7986810505390167,
    0.8942102044820786,
    1.1686803996562958,
    0.9793715178966522,
    0.8484238088130951,
    1.0061057955026627,
    0.9655293673276901,
    1.0957569628953934,
    0.76697688549757,
    0.9199651181697845,
    0.8994917646050453,
    0.7708133533596992,
    0.8798518180847168,
    0.990262895822525,
    0.9477762281894684,
    0.8507648408412933,
    0.9904940128326416,
    0.7743336707353592,
    1.0179676711559296,
    1.037029206752777,
    1.2838480025529861
  ],
  "val_losses": [
    0.9781031608581543,
    0.7285497188568115,
    0.9374207258224487,
    1.200732707977295,
    1.092073678970337,
    1.1780438423156738,
    0.7975172996520996,
    0.5818610787391663,
    0.8420661687850952,
    0.8545235991477966,
    0.7054206132888794,
    0.974254310131073,
    0.8231083750724792,
    0.6451504826545715,
    0.8572604060173035,
    1.9016261100769043,
    0.8875653743743896,
    0.9575434923171997,
    1.058777093887329,
    0.9184924960136414,
    0.771920382976532,
    0.8246643543243408,
    0.9267627000808716,
    0.7151240706443787,
    0.8181332349777222,
    1.2956390380859375,
    0.8329989314079285,
    1.0418155193328857,
    1.2622270584106445,
    0.6895543336868286,
    0.5672591924667358,
    0.7537049651145935,
    1.2699165344238281,
    1.0265369415283203,
    0.8163142204284668,
    0.7593454718589783,
    1.0526127815246582,
    0.7519702911376953,
    1.123396635055542,
    0.9222080111503601,
    1.0956670045852661,
    1.1520899534225464,
    0.7377769351005554,
    1.1662042140960693,
    0.8196526765823364,
    0.7000192403793335,
    1.0869406461715698,
    0.7877016067504883,
    0.9344953894615173,
    0.9106785655021667,
    0.8630313873291016,
    0.8078408241271973,
    0.8773659467697144,
    0.9124889373779297,
    1.1556177139282227,
    0.8659293055534363,
    1.1066608428955078,
    0.9153118133544922,
    0.745048999786377,
    0.9974567890167236,
    1.493361234664917,
    0.9705654382705688,
    1.2598025798797607,
    0.5772022008895874,
    1.6625738143920898,
    1.065002679824829,
    1.267990231513977,
    0.6139920949935913,
    0.8598595857620239,
    1.458542823791504,
    0.8896880149841309,
    0.705818772315979,
    0.8909816741943359,
    1.012129545211792,
    0.9426606893539429,
    0.8558746576309204,
    1.0081002712249756,
    1.2535333633422852,
    0.4796102046966553,
    1.3782223463058472,
    0.6316136121749878,
    1.5015891790390015,
    0.5226977467536926,
    1.173891305923462,
    1.2682098150253296,
    1.4721949100494385,
    1.3758354187011719,
    0.7911288142204285,
    0.9094488024711609,
    0.7795929312705994,
    0.7771462798118591,
    1.3105854988098145,
    0.9833666682243347,
    1.2180899381637573,
    1.180973768234253,
    0.6608318090438843,
    1.0226969718933105,
    0.9035241007804871,
    0.8211271166801453,
    1.2290914058685303
  ],
  "correlations": [
    -0.3321313026471933,
    -0.15609599198616128,
    -0.05183413720616283,
    0.09526047892014336,
    0.2570930047619851,
    0.12949067662966804,
    -0.004223968856728589,
    0.2986019452008937,
    0.24506936675446264,
    0.08212001956789522,
    -0.194018987337672,
    -0.32253038384796795,
    0.03384573181560006,
    6.490649315157713e-05,
    -0.047827274307460275,
    -0.3814121048735136,
    0.14681723516586104,
    -0.4834255364586397,
    0.27892179837373055,
    -0.11168582221769817,
    -0.16580695792729996,
    -0.05825869448149938,
    -0.2175630088318847,
    0.24169536184979526,
    -0.06171922435445187,
    0.1680619823917758,
    0.09482083038663587,
    -0.009796763434738641,
    -0.36261333999209755,
    0.1703147542965537,
    0.06141461155616106,
    -0.0317081145402664,
    -0.08252186657742513,
    -0.15473514466720725,
    0.27544642921079304,
    -0.032491174681980324,
    -0.005365650739191627,
    0.16681244080747007,
    0.12214011273962692,
    0.048883314081825835,
    -0.08136607711165568,
    -0.02591358331606516,
    -0.1597326008159475,
    -0.3997866510315435,
    -0.19638297110137332,
    0.25659375465164297,
    -0.061913802831951505,
    0.11547407636717148,
    -0.06517836673688208,
    0.3095030062608218,
    0.2693325296019987,
    -0.24951569481554392,
    0.29730832018490344,
    0.11372744148542105,
    0.2204239360676276,
    0.15412229323635912,
    0.05609855347814315,
    0.06196354280976418,
    -0.04032704979424462,
    -0.36385192318380566,
    0.08336729926013722,
    0.5858548612179489,
    -0.25493472453206445,
    -0.006543442726816866,
    -0.01005565695563655,
    -0.1321839656781757,
    0.21226851655345047,
    0.37546163022396095,
    -0.10646246907687798,
    0.3099459449889342,
    -0.12022274182139803,
    0.19167167529436518,
    0.17981622197389197,
    0.5065686745071948,
    -0.046411279996812146,
    0.19949910714122818,
    -0.01686783689206258,
    0.0983457692953316,
    -0.2316399828407133,
    0.308510659498242,
    0.24012394822016847,
    -0.20486793329410183,
    0.26741841457754356,
    0.42991971152599084,
    -0.024307878813407444,
    0.30426236270905294,
    -0.25518016161310975,
    -0.19465869301659203,
    -0.08781665560260259,
    0.3029122211447058,
    -0.18750030295960057,
    0.2905910243872272,
    -0.23933459912563002,
    -0.052456865008243994,
    -0.05250429723290202,
    -0.04029041412850644,
    -0.18348244920629544,
    -0.07487960352224778,
    -0.045692311631927225,
    -0.15535530979763276
  ],
  "final_train_loss": 1.2838480025529861,
  "final_val_loss": 1.2290914058685303,
  "final_correlation": -0.15535530979763276,
  "best_correlation": 0.5858548612179489,
  "total_time": 210.19790768623352,
  "num_epochs": 100
}