{
  "validation_loss": 1.5367351913452147,
  "test_mse": 2.906084957031103,
  "test_mae": 0.6106026768684387,
  "train_losses": [
    136.8111012235601,
    40.85559989442216,
    28.093134535119887,
    27.76748672647679,
    22.352809459605115,
    17.166889486921594,
    20.56911489202621,
    16.088280648373544,
    20.940448168490796,
    18.710305956576732,
    13.81758459578169,
    17.22849795970511,
    14.365437605025921,
    13.308091723665278,
    15.250768831942944,
    17.267563247680663,
    14.808077954231425,
    9.791018408917367,
    11.290023178749896,
    10.463301319771624,
    7.607800495878179,
    12.50174178874239,
    14.09246693266199,
    8.582317457807825,
    9.179689447930519,
    11.74780137691092,
    9.488539736321632,
    8.49783618196528,
    9.212123976362513,
    9.613259457527324,
    9.50714679880345,
    8.830041122436523,
    7.27534248270887,
    6.695279655050724,
    7.997748348560739,
    9.484109391557409,
    10.681399316990628,
    6.9371216043512876,
    6.360197063202554,
    6.707101598952679,
    6.897241578203566,
    5.640224339099641,
    5.294324445217214,
    5.901209815005038,
    5.663043757195168,
    7.55124397670969,
    5.580452718126013,
    6.066461192800643,
    7.020802080884893,
    6.6742620346393995,
    5.728892336500452,
    5.77087625544122,
    4.518694981108321,
    6.870394268441707,
    5.261835557602821,
    4.127824026473025,
    6.593647382614461,
    5.0905456096568,
    4.010665306131891,
    3.818781215332924,
    3.609396034098686,
    3.3812045462588047,
    3.7718833781303243,
    9.072049293112247,
    6.0389514517276845,
    5.22938852208726,
    4.9793103907970675,
    4.08715883214423,
    4.766753271792798,
    3.822103159224733,
    6.846663822011744,
    8.386821198970713,
    7.299823781277271,
    6.262882118022188,
    5.64247998176737,
    5.41393792781424,
    6.573240633213774,
    4.3032290174606,
    5.837307085889451,
    4.128111010409416,
    3.3918199579766455,
    5.124570489437022,
    4.122222021792798,
    6.046830751540813,
    4.620164239913859,
    3.523040535602164,
    3.414431764724407,
    3.0833038492405667,
    5.413999082687053,
    2.9491019365635323,
    3.4714384089124963,
    3.0758137844978495,
    3.1008418034999927,
    3.1743971114462997,
    2.490291027312583,
    7.153938691159512,
    3.802114546045344,
    2.4344367798338546,
    2.9363583260394157,
    4.140850217291649,
    3.2008654645148744,
    2.909908497587163,
    2.603507605004818,
    2.6576470567824995,
    4.411754373793906,
    4.065194600693723,
    4.12242790587405,
    2.816476722473794,
    3.51964048426202,
    3.290997195751109,
    2.5321322389105534,
    2.331804699593402,
    3.6077510965631365,
    3.8389301543540144,
    3.9173918135622716,
    2.7287990364622563,
    2.4497516753825734,
    2.733063583171114,
    2.925055078749961,
    4.4633696119836035,
    5.884916077268884,
    6.069869775975004,
    4.523927855998911,
    3.5548920651699634,
    3.2108911291081856,
    2.6527639510783745,
    4.487495308734001,
    2.3345666398393345,
    2.6852832875353223,
    3.7101375493597475,
    3.217056544283603,
    2.924076670788704,
    2.6068549988117624,
    3.799636970682347,
    2.5258858660434154,
    3.785918958136376,
    5.294572824112913,
    5.866554927825928,
    3.709414242683573,
    7.3117868139388715,
    4.120567037704143,
    3.3660075319574236,
    4.658738779514394,
    3.526032807979178,
    2.582800587187422,
    2.7107590188371375,
    2.503543413446305,
    2.3765106127617206,
    2.549002466303237,
    2.9884920348512365,
    2.851869930485462,
    2.7417707800865174,
    2.486695609194167,
    1.4465246444052837,
    2.0844944705354407,
    1.8675890608036771,
    2.6971244162701544,
    1.7158574809419347,
    2.0992614928712237,
    2.4329300038358,
    2.659037024416822,
    2.154618445863115,
    1.87164055743116,
    3.148879827717517,
    2.6942232314576495,
    3.73509327097142,
    3.4115082263946532,
    3.792051016523483,
    2.698740502621265,
    3.080877673372309,
    2.3547379798077523,
    2.7640992098666253,
    1.640274054192482,
    2.6117036839748953,
    2.0628379040576044,
    2.942935607661592,
    3.153224722375261,
    3.159946557816039,
    2.472843543519365,
    2.420253160659303,
    2.075785003317163,
    1.9436165109593817,
    1.9672371762864134,
    1.891144030144874,
    2.4166874500031166,
    2.5438837365901215,
    1.7393734515981472,
    2.014499492848173,
    1.5656639109266566,
    2.2522754425698137,
    1.6754490426246156,
    2.0071465776321737,
    1.3716084896249974,
    1.394621423711168,
    1.653742972840654,
    1.3278847511778487,
    2.1882088640902904,
    1.6125384655404598,
    2.112550616771617,
    1.4824996950778555,
    1.71307306594037,
    1.2809049205577119,
    2.1770286833986323,
    2.7008355465341123,
    1.2307767033576966,
    1.7186356022002849,
    1.4928809273750223,
    1.1091394911421106,
    1.6389915456163122,
    1.5351963710277639,
    2.5969831299274526,
    1.8185601163417735,
    1.4573486206379342,
    1.8434771487053405,
    1.6268717730298956,
    1.2854189340104447,
    1.5238062202930451,
    1.2538227142171656,
    1.6125143619293862,
    1.5564102913470979,
    2.228188129688831,
    2.5242257787826214,
    1.7730485621919023,
    1.769184447349386,
    2.0450928028593673,
    1.020413191775058,
    1.0925625861959254,
    1.4603321706995052,
    1.3459918242819766,
    0.9661439818270663,
    1.2201517358739324,
    1.3352376658865746,
    1.2266280301073764,
    1.6598322376291803,
    1.7584545744226334,
    1.1908972993810125,
    1.1615158367664256,
    1.1990708503317327,
    1.3476495255815222,
    0.9958378923066119,
    1.4367369448885006,
    1.2280086745607093,
    0.7453371586951804,
    1.8382882303379953,
    1.382343129908785,
    1.1454378885791656,
    1.0737511629753924,
    1.0223711281380754,
    1.1582364711355655,
    1.419732454989819,
    0.9369819468640267,
    1.3230989664158923,
    1.2811483542969886,
    1.4528385669627089,
    1.9378444854249346,
    1.3692152834953146,
    1.3064413585561387,
    1.225630947884093,
    1.6509084285573756,
    1.181009433561183,
    1.2541215412160183,
    1.1191146524662667,
    1.2396104630003584,
    0.9351671827600357,
    1.6614084139783332,
    1.2223958165087598,
    0.9879628800331278,
    1.344012700877291,
    1.0928857658771758,
    1.3622836468067574,
    1.1872288511154498,
    0.9808245465476462,
    0.8090036174084277,
    1.0984262618612737,
    1.4609865785913265,
    0.6984289402657367,
    1.0185687366952287,
    1.1058578460774524,
    0.7871299280765208,
    0.9639995001732035,
    1.0107795322195012,
    0.6990446171862014,
    0.9456809259475546,
    1.2286210435502072,
    0.7223632117535206,
    1.1532813508459863,
    0.717197910268256,
    0.9918185495315714,
    0.7968099056406224,
    0.9524543771084318,
    0.8083430708722865,
    0.7704715377472816,
    0.7659337989827419,
    0.6955576911885688,
    0.8241328066967903,
    1.3285039881442455,
    1.1098018661458442,
    0.8402310083521173,
    1.1492482824528472,
    0.7315394325459257
  ],